{"phones": ["a", "aː", "b", "bː", "c", "cː", "dʒ", "dʒː", "d̪", "d̪ː", "e", "eː", "f", "fː", "h", "hː", "i", "iː", "j", "jː", "k", "kː", "m", "mː", "n̪", "n̪ː", "o", "oː", "p", "pː", "s̪", "s̪ː", "tʃ", "tʃː", "t̪", "t̪ː", "u", "uː", "v", "vː", "y", "yː", "z̪", "z̪ː", "ç", "çː", "ø", "øː", "ŋ", "œ", "ɛ", "ɟ", "ɟː", "ɡ", "ɡː", "ɨ", "ɪ", "ɫ", "ɫː", "ɯ", "ɯː", "ɲ", "ɾ", "ɾː", "ʃ", "ʃː", "ʊ", "ʎ", "ʎː", "ʏ", "ʒ"], "phone_mapping": {"<eps>": 0, "sil": 1, "spn": 2, "a": 3, "aː": 4, "b": 5, "bː": 6, "c": 7, "cː": 8, "dʒ": 9, "dʒː": 10, "d̪": 11, "d̪ː": 12, "e": 13, "eː": 14, "f": 15, "fː": 16, "h": 17, "hː": 18, "i": 19, "iː": 20, "j": 21, "jː": 22, "k": 23, "kː": 24, "m": 25, "mː": 26, "n̪": 27, "n̪ː": 28, "o": 29, "oː": 30, "p": 31, "pː": 32, "s̪": 33, "s̪ː": 34, "tʃ": 35, "tʃː": 36, "t̪": 37, "t̪ː": 38, "u": 39, "uː": 40, "v": 41, "vː": 42, "y": 43, "yː": 44, "z̪": 45, "z̪ː": 46, "ç": 47, "çː": 48, "ø": 49, "øː": 50, "ŋ": 51, "œ": 52, "ɛ": 53, "ɟ": 54, "ɟː": 55, "ɡ": 56, "ɡː": 57, "ɨ": 58, "ɪ": 59, "ɫ": 60, "ɫː": 61, "ɯ": 62, "ɯː": 63, "ɲ": 64, "ɾ": 65, "ɾː": 66, "ʃ": 67, "ʃː": 68, "ʊ": 69, "ʎ": 70, "ʎː": 71, "ʏ": 72, "ʒ": 73}, "phone_groups": {"0": ["a", "aː"], "1": ["b", "bː"], "2": ["c", "cː", "k", "kː"], "3": ["dʒ", "dʒː"], "4": ["d̪", "d̪ː"], "5": ["e", "eː", "ɛ"], "6": ["f", "fː"], "7": ["h", "hː", "ç", "çː"], "8": ["i", "iː", "ɪ"], "9": ["j", "jː"], "10": ["m", "mː"], "11": ["n̪", "n̪ː", "ɲ"], "12": ["o", "oː"], "13": ["p", "pː"], "14": ["s̪", "s̪ː"], "15": ["tʃ", "tʃː"], "16": ["t̪", "t̪ː"], "17": ["u", "uː", "ʊ"], "18": ["v", "vː"], "19": ["y", "yː", "ʏ"], "20": ["z̪", "z̪ː"], "21": ["ø", "øː", "œ"], "22": ["ŋ"], "23": ["ɟ", "ɟː", "ɡ", "ɡː"], "24": ["ɫ", "ɫː", "ʎ", "ʎː"], "25": ["ɨ", "ɯ", "ɯː"], "26": ["ɾ", "ɾː"], "27": ["ʃ", "ʃː"], "28": ["ʒ"]}, "version": "3.0.0", "architecture": "gmm-hmm", "train_date": "2024-03-15 19:04:43.132548", "training": {"audio_duration": 460172.62113005813, "num_speakers": 1553, "num_utterances": 116992, "num_oovs": 0, "average_log_likelihood": -0.11868729932090713}, "dictionaries": {"names": ["turkish_mfa"], "default": "turkish_mfa", "silence_word": "<eps>", "use_g2p": false, "oov_word": "<unk>", "bracketed_word": "[bracketed]", "laughter_word": "[laughter]", "clitic_marker": "'", "position_dependent_phones": false}, "language": "unknown", "features": {"type": "mfcc", "use_energy": true, "frame_shift": 10, "frame_length": 25, "snip_edges": false, "low_frequency": 20, "high_frequency": 7800, "sample_frequency": 16000, "dither": 0.0001, "energy_floor": 1.0, "num_coefficients": 13, "num_mel_bins": 23, "cepstral_lifter": 22, "preemphasis_coefficient": 0.97, "uses_cmvn": true, "uses_deltas": true, "uses_voiced": false, "uses_splices": false, "uses_speaker_adaptation": true, "use_pitch": false, "use_voicing": false, "min_f0": 50, "max_f0": 800, "delta_pitch": 0.005, "penalty_factor": 0.1, "silence_weight": 0.0, "splice_left_context": 3, "splice_right_context": 3}, "oov_phone": "spn", "optional_silence_phone": "sil", "phone_set_type": "UNKNOWN", "silence_probability": 0.26, "initial_silence_probability": 0.26, "final_silence_correction": 0.99, "final_non_silence_correction": 0.16}